{"cameraMode":{"drawMode":0,"name":"Shaded","section":"Shading Mode"},"sceneLighting":true,"audioPlay":false,"sceneViewState":{"showFog":true,"showMaterialUpdate":false,"showSkybox":true,"showFlares":true,"showImageEffects":true,"showParticleSystems":true},"in2DMode":false,"pivot":{"x":1.0610928535461426,"y":1.234811782836914,"z":-6.985822677612305},"rotation":{"x":-0.15444529056549073,"y":0.7946678400039673,"z":-0.22662682831287385,"w":-0.5415633320808411},"size":10.0,"orthographic":false}